0,0,PxVpoMXBwXEURLNNN497n6pWmug=,m0GOgPL5W1qbXursjQ8eAn9Bk4k=
0,1,PxVpoMXBwXEURLNNN497n6pWmug=,016KsRb6IHhSFjbCX2mNxlSvOmg=
0,2,PxVpoMXBwXEURLNNN497n6pWmug=,gaEdD0fPtWuwQ4dc7YIPJvY1bi8=
1,1,PxVpoMXBwXEURLNNN497n6pWmug=,016KsRb6IHhSFjbCX2mNxlSvOmg=
1,0,PxVpoMXBwXEURLNNN497n6pWmug=,m0GOgPL5W1qbXursjQ8eAn9Bk4k=
2,1,1q4Y69ujYc3diVYJ3iDJPLva6WQ=,XWgdICSYAapq/xmyp6kcnPj1gQ8=
3,0,1q4Y69ujYc3diVYJ3iDJPLva6WQ=,XWgdICSYAapq/xmyp6kcnPj1gQ8=
4,0,1q4Y69ujYc3diVYJ3iDJPLva6WQ=,XWgdICSYAapq/xmyp6kcnPj1gQ8=
4,1,1q4Y69ujYc3diVYJ3iDJPLva6WQ=,XWgdICSYAapq/xmyp6kcnPj1gQ8=
5,0,1q4Y69ujYc3diVYJ3iDJPLva6WQ=,XWgdICSYAapq/xmyp6kcnPj1gQ8=
5,2,1q4Y69ujYc3diVYJ3iDJPLva6WQ=,XWgdICSYAapq/xmyp6kcnPj1gQ8=
